Date,quantity_sold,sales_amount,sales_records
2025-01-01,420,17163.5,128
2025-01-02,341,11602.0,151
2025-01-03,439,17341.5,151
2025-01-04,366,15663.5,176
2025-01-05,445,15644.5,143
2025-01-06,453,14848.0,161
2025-01-07,401,16812.0,124
2025-01-08,425,17508.0,173
2025-01-09,336,12182.5,135
2025-01-10,328,16143.5,113
2025-01-11,241,12200.0,109
2025-01-12,338,12585.0,156
2025-01-13,401,12766.5,142
2025-01-14,307,11386.5,157
2025-01-15,446,17270.0,161
2025-01-16,343,16413.0,162
2025-01-17,417,15252.5,143
2025-01-18,341,16841.5,115
2025-01-19,481,17288.5,146
2025-01-20,307,13344.0,171
2025-01-21,364,14422.0,163
2025-01-22,436,17986.5,140
2025-01-23,393,17194.5,131
2025-01-24,298,13413.0,115
2025-01-25,382,14886.0,179
2025-01-26,316,13138.0,158
2025-01-27,306,11681.5,154
2025-01-28,396,16179.0,114
2025-01-29,433,17995.0,162
2025-01-30,396,15288.0,164
2025-01-31,424,16707.5,180
2025-02-01,304,12553.5,112
2025-02-02,327,14501.5,168
2025-02-03,334,15569.5,124
2025-02-04,326,15681.0,118
2025-02-05,464,17978.0,162
2025-02-06,295,11520.5,121
2025-02-07,318,13151.0,176
2025-02-08,279,11004.0,145
2025-02-09,378,14405.5,153
2025-02-10,249,11003.0,150
2025-02-11,355,13951.5,162
2025-02-12,290,12250.0,133
2025-02-13,303,11991.5,152
2025-02-14,419,17966.5,187
2025-02-15,518,17265.0,168
2025-02-16,320,11665.0,132
2025-02-17,404,16450.0,121
2025-02-18,370,14808.0,171
2025-02-19,360,16566.0,186
2025-02-20,445,17256.5,188
2025-02-21,359,17171.5,117
2025-02-22,293,12906.5,115
2025-02-23,259,11332.0,126
2025-02-24,419,15652.5,163
2025-02-25,451,16047.5,173
2025-02-26,429,14986.5,158
2025-02-27,340,12044.5,134
2025-02-28,426,12900.0,155
2025-03-01,304,11829.5,142
2025-03-02,370,15100.5,130
2025-03-03,367,16057.5,154
2025-03-04,319,13957.0,165
2025-03-05,424,16398.0,155
2025-03-06,403,14792.0,175
2025-03-07,354,14302.0,146
2025-03-08,299,12338.0,159
2025-03-09,360,15113.0,140
2025-03-10,316,14134.5,137
2025-03-11,383,16882.0,180
2025-03-12,404,15252.5,140
2025-03-13,331,14049.5,184
2025-03-14,354,13960.5,161
2025-03-15,296,11283.5,120
2025-03-16,369,15171.0,162
2025-03-17,335,11530.5,137
2025-03-18,376,13251.5,126
2025-03-19,404,15541.0,125
2025-03-20,306,12135.5,148
2025-03-21,318,12517.0,151
2025-03-22,314,13244.0,130
2025-03-23,263,11874.0,160
2025-03-24,349,15099.5,111
2025-03-25,265,12779.5,125
2025-03-26,407,14596.0,174
2025-03-27,392,13591.0,135
2025-03-28,396,16099.5,186
2025-03-29,331,15000.0,147
2025-03-30,273,11170.5,115
2025-03-31,297,12389.0,111
2025-04-01,368,15235.0,131
2025-04-02,338,15606.5,94
2025-04-03,334,11047.5,116
2025-04-04,288,13273.5,113
2025-04-05,379,17388.0,83
2025-04-06,285,12639.0,114
2025-04-07,293,12882.0,117
2025-04-08,250,11894.0,83
2025-04-09,383,15300.5,120
2025-04-10,348,14497.5,120
2025-04-11,432,17887.5,136
2025-04-12,363,15817.0,102
2025-04-13,372,15786.0,89
2025-04-14,287,14551.0,81
2025-04-15,350,13288.5,127
2025-04-16,322,16186.0,96
2025-04-17,316,14660.0,98
2025-04-18,397,17211.0,125
2025-04-19,339,13610.5,125
2025-04-20,372,17953.5,99
2025-04-21,364,16560.0,108
2025-04-22,308,12665.5,118
2025-04-23,331,12667.5,110
2025-04-24,247,13161.0,103
2025-04-25,352,12903.0,127
2025-04-26,315,12388.5,119
2025-04-27,407,13460.0,107
2025-04-28,391,14342.0,120
2025-04-29,306,13072.0,96
2025-04-30,237,12233.5,83
2025-05-01,444,17399.0,131
2025-05-02,356,14902.5,120
2025-05-03,316,13518.5,97
2025-05-04,264,12845.0,103
2025-05-05,321,16731.0,90
2025-05-06,279,14726.0,93
2025-05-07,361,16029.0,131
2025-05-08,317,15049.5,96
2025-05-09,244,11062.0,113
2025-05-10,289,13245.0,112
2025-05-11,290,11871.0,111
2025-05-12,320,13879.5,130
2025-05-13,436,17754.5,109
2025-05-14,288,13555.5,112
2025-05-15,428,17628.0,110
2025-05-16,413,15590.0,136
2025-05-17,363,16990.0,117
2025-05-18,324,15348.0,114
2025-05-19,296,13387.0,126
2025-05-20,380,16673.5,123
2025-05-21,227,11948.0,103
2025-05-22,233,11059.0,83
2025-05-23,329,16051.0,92
2025-05-24,236,11845.5,94
2025-05-25,310,14462.0,115
2025-05-26,301,16388.5,102
2025-05-27,372,16514.5,138
2025-05-28,341,13915.0,107
2025-05-29,423,15879.5,119
2025-05-30,301,11058.0,109
2025-05-31,280,15815.5,83
2025-06-01,350,16489.5,95
2025-06-02,311,13310.0,80
2025-06-03,298,14610.5,86
2025-06-04,294,13899.0,101
2025-06-05,353,13732.5,124
2025-06-06,323,16463.0,88
2025-06-07,409,16846.5,117
2025-06-08,289,14623.5,90
2025-06-09,383,14626.5,132
2025-06-10,268,14255.5,86
2025-06-11,305,15018.5,108
2025-06-12,414,17788.5,123
2025-06-13,405,16205.0,112
2025-06-14,241,11531.5,112
2025-06-15,370,16327.5,105
2025-06-16,356,12892.0,127
2025-06-17,413,15712.5,95
2025-06-18,286,14397.0,95
2025-06-19,513,17530.5,147
2025-06-20,334,17212.0,91
2025-06-21,260,12085.5,92
2025-06-22,402,16298.0,131
2025-06-23,334,13218.5,89
2025-06-24,258,13708.5,95
2025-06-25,305,11713.5,105
2025-06-26,332,15069.0,98
2025-06-27,356,12329.0,115
2025-06-28,342,15584.0,118
2025-06-29,330,15088.5,89
2025-06-30,343,11736.0,120
2025-07-01,358,12920.0,182
2025-07-02,256,11953.5,159
2025-07-03,300,12877.5,169
2025-07-04,298,14512.5,144
2025-07-05,384,12879.0,163
2025-07-06,463,17884.5,155
2025-07-07,382,14241.0,166
2025-07-08,356,17705.0,127
2025-07-09,275,11344.5,155
2025-07-10,289,11969.5,131
2025-07-11,472,14341.5,129
2025-07-12,379,14150.5,140
2025-07-13,409,15255.0,175
2025-07-14,398,17228.0,108
2025-07-15,355,14266.5,152
2025-07-16,373,15344.5,111
2025-07-17,409,13759.5,128
2025-07-18,329,13212.0,172
2025-07-19,406,15237.0,173
2025-07-20,300,14917.0,125
2025-07-21,404,17915.0,122
2025-07-22,265,12857.5,129
2025-07-23,311,12717.0,110
2025-07-24,323,11674.0,148
2025-07-25,425,14218.0,184
2025-07-26,300,11525.0,128
2025-07-27,295,11013.0,161
2025-07-28,263,11395.0,165
2025-07-29,356,14350.5,142
2025-07-30,260,11058.0,154
2025-07-31,396,15333.5,142
2025-08-01,343,12926.0,141
2025-08-02,343,14687.0,145
2025-08-03,305,12910.0,141
2025-08-04,413,15787.5,191
2025-08-05,416,17969.5,150
2025-08-06,308,11908.5,106
2025-08-07,315,11992.5,135
2025-08-08,309,12399.0,163
2025-08-09,565,17936.0,189
2025-08-10,412,17654.0,130
2025-08-11,246,11631.5,154
2025-08-12,419,16758.5,178
2025-08-13,261,11223.0,149
2025-08-14,391,14116.5,183
2025-08-15,484,17767.5,183
2025-08-16,413,14645.0,164
2025-08-17,354,15110.0,118
2025-08-18,297,12687.5,162
2025-08-19,457,17264.5,128
2025-08-20,301,11149.0,166
2025-08-21,326,14224.5,182
2025-08-22,305,12241.5,122
2025-08-23,474,17032.0,155
2025-08-24,415,15497.0,159
2025-08-25,353,13827.0,157
2025-08-26,383,15591.5,123
2025-08-27,344,11952.5,161
2025-08-28,337,14961.5,133
2025-08-29,309,12668.0,159
2025-08-30,379,12411.5,178
2025-08-31,448,17905.0,113
2025-09-01,282,12158.0,126
2025-09-02,360,13877.5,157
2025-09-03,321,14882.0,116
2025-09-04,325,13307.5,103
2025-09-05,291,11012.5,119
2025-09-06,392,14046.5,150
2025-09-07,288,11286.0,162
2025-09-08,371,16650.5,113
2025-09-09,416,16823.0,144
2025-09-10,405,16640.0,183
2025-09-11,338,14777.5,130
2025-09-12,360,14249.0,162
2025-09-13,453,16553.5,166
2025-09-14,417,17541.0,123
2025-09-15,364,15161.0,156
2025-09-16,339,15572.5,155
2025-09-17,402,16185.0,137
2025-09-18,314,13316.0,116
2025-09-19,235,11268.5,120
2025-09-20,288,12625.5,119
2025-09-21,370,15691.5,128
2025-09-22,380,17382.0,116
2025-09-23,357,12656.5,162
2025-09-24,403,14927.5,172
2025-09-25,222,11193.0,128
2025-09-26,416,15252.5,152
2025-09-27,383,16013.0,149
2025-09-28,435,14554.5,130
2025-09-29,365,13217.5,142
2025-09-30,462,15669.0,175
2025-10-01,428,15263.5,176
2025-10-02,351,13201.5,144
2025-10-03,397,14444.0,166
2025-10-04,415,17299.5,166
2025-10-05,391,14673.5,133
2025-10-06,449,17727.0,167
2025-10-07,395,12724.0,164
2025-10-08,243,12227.0,163
2025-10-09,350,17561.5,117
2025-10-10,315,12441.5,145
2025-10-11,275,11260.5,112
2025-10-12,403,15108.5,165
2025-10-13,377,17745.0,178
2025-10-14,321,13305.0,111
2025-10-15,409,17455.5,173
2025-10-16,419,14866.0,176
2025-10-17,354,14932.5,106
2025-10-18,372,15423.5,112
2025-10-19,357,15188.0,184
2025-10-20,396,13373.0,147
2025-10-21,421,15775.0,111
2025-10-22,399,17900.5,121
2025-10-23,383,16190.5,124
2025-10-24,282,11804.0,120
2025-10-25,316,12910.0,119
2025-10-26,426,15759.5,171
2025-10-27,404,16156.0,110
2025-10-28,285,11744.0,109
2025-10-29,263,11033.0,107
2025-10-30,427,17762.0,170
2025-10-31,322,11297.5,159
2025-11-01,413,17953.5,129
2025-11-02,411,15468.0,181
2025-11-03,321,14429.0,166
2025-11-04,464,17615.5,183
2025-11-05,280,11502.0,149
2025-11-06,329,13563.0,138
2025-11-07,400,17287.0,128
2025-11-08,401,16767.5,166
2025-11-09,341,12569.5,152
2025-11-10,428,16445.5,185
2025-11-11,299,12746.5,144
2025-11-12,329,13323.0,136
2025-11-13,345,13857.0,168
2025-11-14,408,16432.5,169
2025-11-15,284,11263.0,120
2025-11-16,313,11807.5,147
2025-11-17,458,15659.5,152
2025-11-18,302,11075.0,148
2025-11-19,450,16998.0,142
2025-11-20,306,11561.5,163
2025-11-21,305,13460.0,104
2025-11-22,362,13884.0,161
2025-11-23,368,12155.0,167
2025-11-24,476,16732.5,155
2025-11-25,301,12570.0,128
2025-11-26,356,12123.5,162
2025-11-27,327,12430.5,154
2025-11-28,387,15199.0,124
2025-11-29,312,13386.0,119
2025-11-30,339,13693.0,173
2025-12-01,348,14700.5,162
2025-12-02,321,12990.5,125
2025-12-03,289,13218.5,168
2025-12-04,387,15218.5,187
2025-12-05,400,15051.0,165
2025-12-06,343,13530.0,132
2025-12-07,468,16652.5,159
2025-12-08,281,11756.5,121
2025-12-09,341,12271.0,149
2025-12-10,352,12795.5,150
2025-12-11,428,15083.5,173
2025-12-12,285,13023.0,133
2025-12-13,454,17776.0,189
2025-12-14,402,15292.5,134
2025-12-15,431,14586.5,162
2025-12-16,354,14487.5,183
2025-12-17,438,17655.0,172
2025-12-18,341,12523.0,123
2025-12-19,443,16713.5,172
2025-12-20,330,16369.0,173
2025-12-21,461,17191.0,172
2025-12-22,332,17063.0,187
2025-12-23,418,14988.5,161
2025-12-24,294,12125.5,129
2025-12-25,466,17273.0,173
2025-12-26,404,15191.0,167
2025-12-27,409,16087.5,130
2025-12-28,311,12520.0,102
2025-12-29,309,11314.5,136
2025-12-30,430,18000.0,179
2025-12-31,337,13442.5,154
